"data","DCV","RESP"
2004-01-01,23,28
2004-01-02,37,33
2004-01-03,23,25
2004-01-04,25,24
2004-01-05,48,32
2004-01-06,37,29
2004-01-07,40,33
2004-01-08,32,28
2004-01-09,36,28
2004-01-10,22,24
2004-01-11,16,20
2004-01-12,31,29
2004-01-13,19,22
2004-01-14,22,23
2004-01-15,24,13
2004-01-16,18,22
2004-01-17,6,10
2004-01-18,8,15
2004-01-19,9,3
2004-01-20,8,9
2004-01-21,6,6
2004-01-22,2,5
2004-01-23,3,1
2004-01-24,1,1
2004-01-25,1,2
2004-01-26,1,1
2004-01-28,NA,1
2004-02-01,24,21
2004-02-02,34,23
2004-02-03,37,37
2004-02-04,44,24
2004-02-05,32,35
2004-02-06,23,25
2004-02-07,23,25
2004-02-08,19,25
2004-02-09,27,18
2004-02-10,35,23
2004-02-11,18,22
2004-02-12,20,26
2004-02-13,25,27
2004-02-14,13,15
2004-02-15,15,12
2004-02-16,13,16
2004-02-17,10,12
2004-02-18,2,11
2004-02-19,2,9
2004-02-20,4,4
2004-02-21,1,6
2004-02-22,3,2
2004-02-23,NA,3
2004-02-24,1,4
2004-02-25,1,NA
2004-03-01,42,61
2004-03-02,45,64
2004-03-03,38,55
2004-03-04,28,42
2004-03-05,29,62
2004-03-06,32,44
2004-03-07,37,40
2004-03-08,33,52
2004-03-09,34,40
2004-03-10,21,45
2004-03-11,26,34
2004-03-12,20,45
2004-03-13,10,30
2004-03-14,14,28
2004-03-15,18,33
2004-03-16,21,35
2004-03-17,8,22
2004-03-18,8,22
2004-03-19,10,17
2004-03-20,6,15
2004-03-21,2,10
2004-03-22,2,9
2004-03-23,2,8
2004-03-24,5,9
2004-03-25,NA,3
2004-04-01,36,77
2004-04-02,21,78
2004-04-03,23,61
2004-04-04,19,43
2004-04-05,29,64
2004-04-06,27,58
2004-04-07,27,68
2004-04-08,28,61
2004-04-09,14,47
2004-04-10,12,39
2004-04-11,26,33
2004-04-12,19,52
2004-04-13,28,47
2004-04-14,18,29
2004-04-15,13,30
2004-04-16,9,27
2004-04-17,7,24
2004-04-18,7,8
2004-04-19,5,15
2004-04-20,8,14
2004-04-21,2,10
2004-04-22,2,13
2004-04-23,3,1
2004-04-24,1,6
2004-04-25,5,1
2004-04-26,2,1
2004-04-27,1,NA
2004-04-28,NA,2
2004-05-01,20,63
2004-05-02,30,50
2004-05-03,30,67
2004-05-04,30,48
2004-05-05,33,59
2004-05-06,37,54
2004-05-07,22,33
2004-05-08,18,34
2004-05-09,24,46
2004-05-10,29,47
2004-05-11,18,35
2004-05-12,13,24
2004-05-13,16,27
2004-05-14,20,21
2004-05-15,9,7
2004-05-16,14,18
2004-05-17,20,15
2004-05-18,11,11
2004-05-19,7,9
2004-05-20,5,8
2004-05-21,1,3
2004-05-22,2,2
2004-05-23,1,2
2004-05-24,2,3
2004-06-01,43,51
2004-06-02,43,30
2004-06-03,33,26
2004-06-04,25,32
2004-06-05,24,36
2004-06-06,28,17
2004-06-07,39,28
2004-06-08,33,34
2004-06-09,26,43
2004-06-10,22,29
2004-06-11,28,30
2004-06-12,15,21
2004-06-13,19,11
2004-06-14,23,20
2004-06-15,29,25
2004-06-16,15,21
2004-06-17,15,9
2004-06-18,14,12
2004-06-19,8,14
2004-06-20,1,5
2004-06-21,3,6
2004-06-22,7,3
2004-06-23,1,7
2004-06-24,1,4
2004-06-25,NA,3
2004-06-26,NA,1
2004-07-01,30,53
2004-07-02,35,54
2004-07-03,26,42
2004-07-04,35,38
2004-07-05,30,44
2004-07-06,35,39
2004-07-07,32,28
2004-07-08,23,54
2004-07-09,21,25
2004-07-10,18,29
2004-07-11,21,17
2004-07-12,23,31
2004-07-13,15,28
2004-07-14,14,25
2004-07-15,20,14
2004-07-16,14,23
2004-07-17,8,13
2004-07-18,7,10
2004-07-19,11,8
2004-07-20,9,6
2004-07-21,8,4
2004-07-22,3,6
2004-07-23,3,6
2004-07-24,NA,4
2004-07-25,4,NA
2004-07-26,NA,3
2004-07-28,NA,1
2004-08-01,17,37
2004-08-02,49,43
2004-08-03,39,40
2004-08-04,40,35
2004-08-05,30,28
2004-08-06,22,28
2004-08-07,23,24
2004-08-08,33,29
2004-08-09,31,40
2004-08-10,30,30
2004-08-11,22,22
2004-08-12,21,24
2004-08-13,24,29
2004-08-14,13,19
2004-08-15,10,22
2004-08-16,30,21
2004-08-17,14,21
2004-08-18,13,9
2004-08-19,9,17
2004-08-20,7,12
2004-08-21,7,2
2004-08-22,3,5
2004-08-23,4,2
2004-08-24,2,4
2004-08-25,4,5
2004-08-26,2,6
2004-08-27,NA,2
2004-08-28,2,1
2004-09-01,44,43
2004-09-02,43,48
2004-09-03,38,43
2004-09-04,20,28
2004-09-05,28,21
2004-09-06,31,37
2004-09-07,17,37
2004-09-08,30,38
2004-09-09,30,34
2004-09-10,25,34
2004-09-11,17,24
2004-09-12,9,24
2004-09-13,21,27
2004-09-14,22,13
2004-09-15,19,16
2004-09-16,14,25
2004-09-17,15,14
2004-09-18,6,13
2004-09-19,5,11
2004-09-20,5,5
2004-09-21,6,4
2004-09-22,5,6
2004-09-23,4,4
2004-09-24,1,1
2004-09-25,2,3
2004-09-26,NA,1
2004-09-27,1,2
2004-09-28,NA,1
2004-10-01,24,43
2004-10-02,18,26
2004-10-03,26,23
2004-10-04,38,35
2004-10-05,29,30
2004-10-06,24,25
2004-10-07,31,31
2004-10-08,28,21
2004-10-09,15,20
2004-10-10,22,27
2004-10-11,25,32
2004-10-12,21,32
2004-10-13,18,31
2004-10-14,19,32
2004-10-15,12,16
2004-10-16,5,15
2004-10-17,5,7
2004-10-18,8,10
2004-10-19,4,9
2004-10-20,4,3
2004-10-21,2,5
2004-10-22,1,1
2004-10-23,1,NA
2004-10-24,1,NA
2004-11-01,34,43
2004-11-02,25,38
2004-11-03,50,37
2004-11-04,24,44
2004-11-05,37,33
2004-11-06,24,31
2004-11-07,22,16
2004-11-08,29,19
2004-11-09,24,20
2004-11-10,26,21
2004-11-11,29,26
2004-11-12,16,14
2004-11-13,17,13
2004-11-14,9,14
2004-11-15,9,9
2004-11-16,12,12
2004-11-17,10,16
2004-11-18,4,8
2004-11-19,10,11
2004-11-20,1,2
2004-11-21,2,4
2004-11-22,3,7
2004-11-23,2,1
2004-11-24,1,4
2004-11-25,2,NA
2004-11-28,NA,2
2004-12-01,48,27
2004-12-02,32,37
2004-12-03,22,27
2004-12-04,18,19
2004-12-05,23,17
2004-12-06,38,40
2004-12-07,32,32
2004-12-08,24,43
2004-12-09,23,26
2004-12-10,26,26
2004-12-11,18,18
2004-12-12,8,10
2004-12-13,15,11
2004-12-14,13,10
2004-12-15,17,12
2004-12-16,4,12
2004-12-17,5,7
2004-12-18,2,5
2004-12-19,6,5
2004-12-20,2,3
2004-12-21,5,2
2004-12-22,2,NA
2004-12-23,2,2
2004-12-24,1,NA
2004-12-25,1,NA
2004-12-27,2,NA
2005-01-01,10,22
2005-01-02,19,16
2005-01-03,36,37
2005-01-04,41,31
2005-01-05,25,32
2005-01-06,38,21
2005-01-07,29,20
2005-01-08,16,19
2005-01-09,10,14
2005-01-10,20,16
2005-01-11,24,19
2005-01-12,26,24
2005-01-13,27,12
2005-01-14,18,15
2005-01-15,10,9
2005-01-16,4,4
2005-01-17,11,5
2005-01-18,7,3
2005-01-19,6,5
2005-01-20,4,4
2005-01-21,1,3
2005-01-22,3,NA
2005-01-23,2,NA
2005-01-24,NA,2
2005-01-25,NA,1
2005-01-26,NA,1
2005-01-29,NA,1
2005-02-01,38,33
2005-02-02,36,34
2005-02-03,28,27
2005-02-04,25,37
2005-02-05,18,16
2005-02-06,7,28
2005-02-07,19,16
2005-02-08,16,21
2005-02-09,29,23
2005-02-10,27,29
2005-02-11,19,24
2005-02-12,13,14
2005-02-13,18,8
2005-02-14,21,19
2005-02-15,10,19
2005-02-16,8,16
2005-02-17,9,14
2005-02-18,11,8
2005-02-19,3,12
2005-02-20,2,6
2005-02-21,1,8
2005-02-22,1,3
2005-02-23,2,1
2005-02-25,NA,1
2005-02-26,NA,1
2005-03-01,41,45
2005-03-02,46,41
2005-03-03,37,32
2005-03-04,31,34
2005-03-05,23,42
2005-03-06,19,26
2005-03-07,28,37
2005-03-08,26,24
2005-03-09,23,44
2005-03-10,31,29
2005-03-11,28,42
2005-03-12,12,30
2005-03-13,9,26
2005-03-14,17,31
2005-03-15,14,19
2005-03-16,14,21
2005-03-17,14,14
2005-03-18,10,14
2005-03-19,9,12
2005-03-20,3,6
2005-03-21,6,8
2005-03-22,9,6
2005-03-23,2,4
2005-03-24,2,NA
2005-03-25,NA,3
2005-03-26,NA,4
2005-03-27,NA,2
2005-03-28,1,1
2005-04-01,40,53
2005-04-02,39,62
2005-04-03,23,50
2005-04-04,37,67
2005-04-05,32,62
2005-04-06,36,67
2005-04-07,33,54
2005-04-08,27,59
2005-04-09,16,51
2005-04-10,16,21
2005-04-11,19,40
2005-04-12,20,33
2005-04-13,20,37
2005-04-14,19,36
2005-04-15,8,19
2005-04-16,9,27
2005-04-17,5,10
2005-04-18,8,14
2005-04-19,4,13
2005-04-20,1,7
2005-04-21,3,2
2005-04-22,4,6
2005-04-23,NA,6
2005-04-24,1,3
2005-04-25,1,NA
2005-04-26,NA,2
2005-04-27,NA,1
2005-05-01,29,53
2005-05-02,40,51
2005-05-03,26,62
2005-05-04,43,56
2005-05-05,37,51
2005-05-06,35,49
2005-05-07,17,51
2005-05-08,21,29
2005-05-09,35,56
2005-05-10,36,49
2005-05-11,28,63
2005-05-12,28,51
2005-05-13,19,33
2005-05-14,15,36
2005-05-15,21,19
2005-05-16,13,29
2005-05-17,15,23
2005-05-18,12,19
2005-05-19,9,21
2005-05-20,5,8
2005-05-21,4,6
2005-05-22,3,5
2005-05-23,3,1
2005-05-24,1,1
2005-05-25,NA,2
2005-05-26,1,1
2005-05-27,NA,1
2005-06-01,38,36
2005-06-02,31,52
2005-06-03,26,47
2005-06-04,29,41
2005-06-05,12,29
2005-06-06,50,42
2005-06-07,40,49
2005-06-08,51,38
2005-06-09,37,37
2005-06-10,17,38
2005-06-11,21,37
2005-06-12,18,27
2005-06-13,17,31
2005-06-14,21,23
2005-06-15,17,24
2005-06-16,19,31
2005-06-17,12,23
2005-06-18,8,17
2005-06-19,6,13
2005-06-20,6,10
2005-06-21,6,10
2005-06-22,3,8
2005-06-23,2,6
2005-06-24,1,1
2005-06-25,NA,1
2005-06-26,1,2
2005-06-28,1,NA
2005-07-01,36,71
2005-07-02,22,51
2005-07-03,26,34
2005-07-04,35,58
2005-07-05,33,56
2005-07-06,27,38
2005-07-07,34,42
2005-07-08,36,32
2005-07-09,21,27
2005-07-10,17,29
2005-07-11,45,30
2005-07-12,33,33
2005-07-13,25,30
2005-07-14,22,25
2005-07-15,15,20
2005-07-16,12,14
2005-07-17,6,11
2005-07-18,11,11
2005-07-19,8,13
2005-07-20,1,6
2005-07-21,2,7
2005-07-22,2,3
2005-07-23,2,2
2005-07-25,1,NA
2005-08-01,44,36
2005-08-02,43,40
2005-08-03,45,44
2005-08-04,46,44
2005-08-05,32,50
2005-08-06,21,39
2005-08-07,30,23
2005-08-08,35,40
2005-08-09,30,40
2005-08-10,31,42
2005-08-11,33,44
2005-08-12,20,35
2005-08-13,19,22
2005-08-14,11,25
2005-08-15,15,29
2005-08-16,14,28
2005-08-17,8,24
2005-08-18,13,17
2005-08-19,13,7
2005-08-20,3,12
2005-08-21,5,2
2005-08-22,7,10
2005-08-23,1,4
2005-08-24,4,1
2005-08-25,2,NA
2005-08-26,NA,3
2005-08-28,NA,1
2005-09-01,45,48
2005-09-02,39,34
2005-09-03,26,36
2005-09-04,26,27
2005-09-05,40,54
2005-09-06,45,44
2005-09-07,23,26
2005-09-08,30,28
2005-09-09,37,38
2005-09-10,26,22
2005-09-11,19,24
2005-09-12,18,31
2005-09-13,37,21
2005-09-14,21,28
2005-09-15,16,25
2005-09-16,25,17
2005-09-17,11,11
2005-09-18,7,9
2005-09-19,15,12
2005-09-20,8,9
2005-09-21,2,6
2005-09-22,3,3
2005-09-23,1,7
2005-09-24,NA,4
2005-09-25,1,3
2005-09-26,1,NA
2005-10-01,32,34
2005-10-02,29,38
2005-10-03,42,46
2005-10-04,42,61
2005-10-05,34,44
2005-10-06,28,47
2005-10-07,31,27
2005-10-08,29,31
2005-10-09,16,22
2005-10-10,37,43
2005-10-11,18,24
2005-10-12,24,28
2005-10-13,29,34
2005-10-14,18,27
2005-10-15,9,17
2005-10-16,12,19
2005-10-17,9,15
2005-10-18,3,14
2005-10-19,9,10
2005-10-20,2,12
2005-10-21,2,8
2005-10-22,3,8
2005-10-23,2,2
2005-10-24,2,1
2005-10-25,1,2
2005-11-01,141,44
2005-11-02,23,28
2005-11-03,32,37
2005-11-04,33,39
2005-11-05,24,31
2005-11-06,20,29
2005-11-07,36,43
2005-11-08,17,45
2005-11-09,28,29
2005-11-10,19,27
2005-11-11,35,21
2005-11-12,19,19
2005-11-13,11,26
2005-11-14,18,23
2005-11-15,14,14
2005-11-16,11,23
2005-11-17,14,14
2005-11-18,12,13
2005-11-19,4,12
2005-11-20,7,6
2005-11-21,8,15
2005-11-22,1,5
2005-11-23,1,5
2005-11-24,2,1
2005-11-25,NA,2
2005-12-01,49,36
2005-12-02,35,42
2005-12-03,29,31
2005-12-04,24,18
2005-12-05,40,44
2005-12-06,32,33
2005-12-07,29,27
2005-12-08,28,31
2005-12-09,25,50
2005-12-10,28,23
2005-12-11,25,25
2005-12-12,30,40
2005-12-13,26,28
2005-12-14,20,24
2005-12-15,22,27
2005-12-16,11,29
2005-12-17,12,21
2005-12-18,10,19
2005-12-19,15,12
2005-12-20,8,21
2005-12-21,5,18
2005-12-22,13,10
2005-12-23,6,11
2005-12-24,4,7
2005-12-25,5,8
2005-12-26,4,10
2005-12-27,1,4
2005-12-28,3,5
2005-12-29,3,6
2005-12-30,NA,2
2006-01-01,138,28
2006-01-02,38,50
2006-01-03,34,39
2006-01-04,36,43
2006-01-05,37,46
2006-01-06,24,28
2006-01-07,26,43
2006-01-08,15,25
2006-01-09,25,30
2006-01-10,35,28
2006-01-11,22,31
2006-01-12,23,35
2006-01-13,15,27
2006-01-14,17,17
2006-01-15,13,13
2006-01-16,6,19
2006-01-17,18,12
2006-01-18,15,15
2006-01-19,11,8
2006-01-20,7,9
2006-01-21,4,4
2006-01-22,4,8
2006-01-23,5,3
2006-01-24,1,1
2006-01-25,1,NA
2006-01-26,NA,1
2006-01-28,1,NA
2006-02-01,41,31
2006-02-02,34,35
2006-02-03,27,28
2006-02-04,21,33
2006-02-05,19,16
2006-02-06,37,33
2006-02-07,20,29
2006-02-08,31,31
2006-02-09,29,28
2006-02-10,25,25
2006-02-11,7,20
2006-02-12,16,16
2006-02-13,15,17
2006-02-14,16,37
2006-02-15,12,15
2006-02-16,16,21
2006-02-17,11,16
2006-02-18,2,9
2006-02-19,4,9
2006-02-20,1,7
2006-02-21,1,2
2006-02-22,1,6
2006-02-23,3,1
2006-02-24,NA,3
2006-02-25,NA,4
2006-02-26,NA,3
2006-02-27,NA,1
2006-03-01,27,40
2006-03-02,49,56
2006-03-03,32,41
2006-03-04,21,23
2006-03-05,20,37
2006-03-06,28,37
2006-03-07,34,32
2006-03-08,32,41
2006-03-09,24,37
2006-03-10,29,33
2006-03-11,28,20
2006-03-12,14,23
2006-03-13,24,25
2006-03-14,14,28
2006-03-15,13,21
2006-03-16,22,31
2006-03-17,16,16
2006-03-18,8,19
2006-03-19,9,11
2006-03-20,5,21
2006-03-21,6,9
2006-03-22,2,14
2006-03-23,2,8
2006-03-24,5,9
2006-03-25,NA,6
2006-03-26,1,1
2006-04-01,32,36
2006-04-02,10,49
2006-04-03,46,46
2006-04-04,28,56
2006-04-05,22,42
2006-04-06,34,60
2006-04-07,27,43
2006-04-08,19,35
2006-04-09,15,35
2006-04-10,30,38
2006-04-11,16,41
2006-04-12,19,37
2006-04-13,12,33
2006-04-14,11,25
2006-04-15,7,29
2006-04-16,5,17
2006-04-17,7,17
2006-04-18,13,15
2006-04-19,4,14
2006-04-20,5,11
2006-04-21,1,5
2006-04-22,5,5
2006-04-23,1,3
2006-04-24,NA,2
2006-04-25,NA,4
2006-04-26,NA,1
2006-04-28,NA,1
2006-05-01,29,44
2006-05-02,28,57
2006-05-03,52,65
2006-05-04,44,45
2006-05-05,26,58
2006-05-06,22,58
2006-05-07,29,31
2006-05-08,30,48
2006-05-09,22,47
2006-05-10,13,40
2006-05-11,30,49
2006-05-12,24,50
2006-05-13,13,27
2006-05-14,9,24
2006-05-15,16,23
2006-05-16,15,21
2006-05-17,6,28
2006-05-18,11,24
2006-05-19,6,17
2006-05-20,4,16
2006-05-21,3,12
2006-05-22,4,17
2006-05-23,5,13
2006-05-24,4,9
2006-05-25,3,11
2006-05-26,1,9
2006-05-27,1,1
2006-05-28,NA,5
2006-05-29,NA,3
2006-05-30,NA,3
2006-06-01,30,69
2006-06-02,32,51
2006-06-03,28,45
2006-06-04,21,39
2006-06-05,46,58
2006-06-06,29,74
2006-06-07,32,46
2006-06-08,33,55
2006-06-09,30,51
2006-06-10,20,34
2006-06-11,15,32
2006-06-12,25,37
2006-06-13,22,26
2006-06-14,16,32
2006-06-15,7,23
2006-06-16,15,26
2006-06-17,7,26
2006-06-18,4,9
2006-06-19,8,20
2006-06-20,8,19
2006-06-21,7,12
2006-06-22,5,6
2006-06-23,6,9
2006-06-24,NA,6
2006-06-25,1,4
2006-06-26,3,7
2006-06-27,NA,2
2006-06-28,1,1
2006-07-01,30,41
2006-07-02,38,30
2006-07-03,41,65
2006-07-04,35,53
2006-07-05,38,41
2006-07-06,30,42
2006-07-07,23,51
2006-07-08,21,37
2006-07-09,23,33
2006-07-10,31,53
2006-07-11,34,30
2006-07-12,25,34
2006-07-13,21,32
2006-07-14,16,26
2006-07-15,9,23
2006-07-16,9,19
2006-07-17,11,20
2006-07-18,15,22
2006-07-19,6,13
2006-07-20,12,15
2006-07-21,12,12
2006-07-22,8,9
2006-07-23,3,8
2006-07-24,2,8
2006-07-25,1,6
2006-07-26,2,4
2006-07-28,NA,2
2006-07-30,NA,1
2006-08-01,24,38
2006-08-02,32,36
2006-08-03,42,51
2006-08-04,27,36
2006-08-05,19,32
2006-08-06,29,20
2006-08-07,35,46
2006-08-08,31,50
2006-08-09,29,35
2006-08-10,36,51
2006-08-11,20,29
2006-08-12,15,24
2006-08-13,12,12
2006-08-14,15,41
2006-08-15,21,18
2006-08-16,21,22
2006-08-17,16,30
2006-08-18,14,17
2006-08-19,4,14
2006-08-20,3,9
2006-08-21,5,19
2006-08-22,8,11
2006-08-23,6,13
2006-08-24,3,5
2006-08-25,3,6
2006-08-26,5,3
2006-08-28,1,2
2006-08-29,1,NA
2006-08-30,NA,1
2006-09-01,37,45
2006-09-02,23,44
2006-09-03,28,32
2006-09-04,29,51
2006-09-05,33,43
2006-09-06,34,35
2006-09-07,26,42
2006-09-08,22,39
2006-09-09,19,32
2006-09-10,25,30
2006-09-11,36,41
2006-09-12,34,44
2006-09-13,34,27
2006-09-14,24,36
2006-09-15,19,27
2006-09-16,12,33
2006-09-17,7,19
2006-09-18,12,30
2006-09-19,10,22
2006-09-20,8,21
2006-09-21,9,13
2006-09-22,9,12
2006-09-23,5,19
2006-09-24,4,3
2006-09-25,2,5
2006-09-26,1,6
2006-09-27,2,3
2006-09-28,NA,2
2006-10-01,23,18
2006-10-02,37,62
2006-10-03,43,44
2006-10-04,32,47
2006-10-05,39,39
2006-10-06,38,45
2006-10-07,29,40
2006-10-08,18,30
2006-10-09,33,39
2006-10-10,35,36
2006-10-11,20,35
2006-10-12,19,23
2006-10-13,15,31
2006-10-14,11,32
2006-10-15,10,13
2006-10-16,14,27
2006-10-17,20,28
2006-10-18,13,20
2006-10-19,11,25
2006-10-20,10,19
2006-10-21,5,22
2006-10-22,8,10
2006-10-23,8,9
2006-10-24,5,7
2006-10-25,5,4
2006-10-26,1,6
2006-10-27,1,5
2006-11-01,36,41
2006-11-02,20,53
2006-11-03,27,47
2006-11-04,27,40
2006-11-05,24,26
2006-11-06,39,62
2006-11-07,38,36
2006-11-08,31,42
2006-11-09,29,30
2006-11-10,25,42
2006-11-11,24,32
2006-11-12,20,32
2006-11-13,27,37
2006-11-14,15,23
2006-11-15,15,22
2006-11-16,21,40
2006-11-17,16,33
2006-11-18,16,20
2006-11-19,9,21
2006-11-20,7,16
2006-11-21,11,14
2006-11-22,7,10
2006-11-23,4,7
2006-11-24,1,7
2006-11-25,1,1
2006-11-26,1,4
2006-11-27,2,1
2006-11-29,NA,1
2006-12-01,37,32
2006-12-02,26,29
2006-12-03,23,30
2006-12-04,38,46
2006-12-05,45,55
2006-12-06,40,44
2006-12-07,30,42
2006-12-08,34,32
2006-12-09,18,37
2006-12-10,18,25
2006-12-11,29,40
2006-12-12,43,31
2006-12-13,22,41
2006-12-14,17,35
2006-12-15,12,15
2006-12-16,12,28
2006-12-17,10,17
2006-12-18,10,9
2006-12-19,12,10
2006-12-20,6,7
2006-12-21,6,7
2006-12-22,6,7
2006-12-23,3,5
2006-12-24,1,3
2006-12-25,NA,1
2006-12-26,1,1
2006-12-27,1,1
2007-01-01,18,28
2007-01-02,40,44
2007-01-03,48,37
2007-01-04,39,37
2007-01-05,35,27
2007-01-06,24,21
2007-01-07,31,29
2007-01-08,37,34
2007-01-09,32,33
2007-01-10,30,30
2007-01-11,32,38
2007-01-12,26,31
2007-01-13,15,33
2007-01-14,13,21
2007-01-15,19,36
2007-01-16,20,26
2007-01-17,17,23
2007-01-18,15,15
2007-01-19,11,18
2007-01-20,2,9
2007-01-21,6,8
2007-01-22,5,15
2007-01-23,1,11
2007-01-24,NA,8
2007-01-25,2,3
2007-01-26,4,3
2007-01-27,2,1
2007-01-28,2,1
2007-02-01,50,53
2007-02-02,53,39
2007-02-03,32,35
2007-02-04,22,25
2007-02-05,31,39
2007-02-06,30,42
2007-02-07,33,38
2007-02-08,18,48
2007-02-09,25,38
2007-02-10,21,27
2007-02-11,17,24
2007-02-12,18,44
2007-02-13,21,25
2007-02-14,21,23
2007-02-15,19,34
2007-02-16,22,16
2007-02-17,13,21
2007-02-18,7,19
2007-02-19,9,14
2007-02-20,5,13
2007-02-21,9,17
2007-02-22,2,10
2007-02-23,4,5
2007-02-24,1,3
2007-02-25,NA,5
2007-02-27,1,3
2007-03-01,38,63
2007-03-02,40,62
2007-03-03,29,46
2007-03-04,26,42
2007-03-05,51,55
2007-03-06,34,52
2007-03-07,34,60
2007-03-08,38,60
2007-03-09,30,53
2007-03-10,24,54
2007-03-11,31,49
2007-03-12,33,47
2007-03-13,22,44
2007-03-14,27,34
2007-03-15,25,55
2007-03-16,25,32
2007-03-17,19,23
2007-03-18,9,14
2007-03-19,20,22
2007-03-20,13,28
2007-03-21,13,22
2007-03-22,13,20
2007-03-23,9,13
2007-03-24,2,7
2007-03-25,2,8
2007-03-26,NA,2
2007-03-27,1,2
2007-03-28,2,2
2007-04-01,33,47
2007-04-02,37,69
2007-04-03,34,61
2007-04-04,34,51
2007-04-05,35,51
2007-04-06,28,24
2007-04-07,24,41
2007-04-08,27,32
2007-04-09,33,33
2007-04-10,31,52
2007-04-11,34,23
2007-04-12,22,55
2007-04-13,23,32
2007-04-14,12,28
2007-04-15,17,22
2007-04-16,20,32
2007-04-17,21,29
2007-04-18,12,20
2007-04-19,14,25
2007-04-20,11,16
2007-04-21,11,9
2007-04-22,9,13
2007-04-23,4,8
2007-04-24,4,2
2007-04-25,2,1
2007-04-26,1,NA
2007-04-28,1,NA
2007-05-01,36,44
2007-05-02,41,59
2007-05-03,45,63
2007-05-04,46,51
2007-05-05,32,48
2007-05-06,19,60
2007-05-07,53,65
2007-05-08,41,48
2007-05-09,32,34
2007-05-10,40,44
2007-05-11,32,40
2007-05-12,23,35
2007-05-13,13,40
2007-05-14,34,36
2007-05-15,34,58
2007-05-16,17,36
2007-05-17,25,42
2007-05-18,20,40
2007-05-19,12,28
2007-05-20,11,13
2007-05-21,14,16
2007-05-22,10,30
2007-05-23,12,15
2007-05-24,11,16
2007-05-25,2,3
2007-05-26,4,8
2007-05-27,2,2
2007-05-28,NA,1
2007-06-01,55,62
2007-06-02,33,49
2007-06-03,32,47
2007-06-04,53,55
2007-06-05,42,46
2007-06-06,50,45
2007-06-07,26,47
2007-06-08,33,51
2007-06-09,33,31
2007-06-10,20,35
2007-06-11,35,38
2007-06-12,33,39
2007-06-13,20,44
2007-06-14,32,54
2007-06-15,20,43
2007-06-16,18,45
2007-06-17,12,20
2007-06-18,21,48
2007-06-19,13,26
2007-06-20,19,23
2007-06-21,17,31
2007-06-22,9,9
2007-06-23,5,9
2007-06-24,3,8
2007-06-25,5,7
2007-06-26,NA,3
2007-06-27,2,NA
2007-07-01,35,40
2007-07-02,45,45
2007-07-03,45,59
2007-07-04,48,51
2007-07-05,41,52
2007-07-06,45,43
2007-07-07,33,55
2007-07-08,27,41
2007-07-09,44,58
2007-07-10,26,44
2007-07-11,40,41
2007-07-12,33,48
2007-07-13,29,39
2007-07-14,11,42
2007-07-15,15,23
2007-07-16,23,29
2007-07-17,20,29
2007-07-18,14,25
2007-07-19,18,23
2007-07-20,15,15
2007-07-21,7,10
2007-07-22,11,15
2007-07-23,10,10
2007-07-24,4,11
2007-07-25,4,9
2007-07-26,NA,12
2007-07-27,2,NA
2007-07-28,3,3
2007-07-29,NA,2
2007-08-01,49,55
2007-08-02,54,64
2007-08-03,63,58
2007-08-04,30,43
2007-08-05,34,46
2007-08-06,52,60
2007-08-07,42,51
2007-08-08,39,48
2007-08-09,45,46
2007-08-10,44,52
2007-08-11,26,32
2007-08-12,25,35
2007-08-13,36,48
2007-08-14,33,39
2007-08-15,25,37
2007-08-16,19,39
2007-08-17,16,50
2007-08-18,16,33
2007-08-19,15,26
2007-08-20,19,16
2007-08-21,15,29
2007-08-22,14,14
2007-08-23,17,18
2007-08-24,9,8
2007-08-25,5,16
2007-08-26,1,8
2007-08-27,2,NA
2007-08-28,NA,5
2007-09-01,36,62
2007-09-02,31,39
2007-09-03,48,73
2007-09-04,41,52
2007-09-05,49,59
2007-09-06,37,55
2007-09-07,30,47
2007-09-08,22,47
2007-09-09,23,40
2007-09-10,37,54
2007-09-11,38,41
2007-09-12,29,33
2007-09-13,18,38
2007-09-14,34,31
2007-09-15,23,22
2007-09-16,15,24
2007-09-17,22,34
2007-09-18,15,27
2007-09-19,19,18
2007-09-20,14,26
2007-09-21,5,11
2007-09-22,8,5
2007-09-23,5,3
2007-09-24,5,4
2007-09-25,2,4
2007-09-26,1,1
2007-10-01,49,48
2007-10-02,63,43
2007-10-03,42,43
2007-10-04,48,47
2007-10-05,31,51
2007-10-06,34,39
2007-10-07,26,41
2007-10-08,38,36
2007-10-09,30,42
2007-10-10,28,33
2007-10-11,22,45
2007-10-12,15,30
2007-10-13,19,21
2007-10-14,18,28
2007-10-15,14,26
2007-10-16,18,37
2007-10-17,21,24
2007-10-18,12,20
2007-10-19,9,13
2007-10-20,9,17
2007-10-21,8,7
2007-10-22,14,13
2007-10-23,9,16
2007-10-24,7,8
2007-10-25,2,9
2007-10-26,2,2
2007-10-27,2,1
2007-10-28,1,NA
2007-10-29,1,1
2007-11-01,31,32
2007-11-02,26,30
2007-11-03,20,32
2007-11-04,23,22
2007-11-05,34,38
2007-11-06,38,45
2007-11-07,25,20
2007-11-08,37,36
2007-11-09,28,29
2007-11-10,18,20
2007-11-11,26,22
2007-11-12,31,38
2007-11-13,24,31
2007-11-14,19,28
2007-11-15,18,27
2007-11-16,20,25
2007-11-17,10,21
2007-11-18,11,15
2007-11-19,10,20
2007-11-20,15,12
2007-11-21,22,7
2007-11-22,4,13
2007-11-23,3,14
2007-11-24,10,10
2007-11-25,3,4
2007-11-26,3,8
2007-11-27,3,8
2007-11-28,NA,1
2007-12-01,45,48
2007-12-02,30,33
2007-12-03,54,49
2007-12-04,48,53
2007-12-05,45,36
2007-12-06,57,66
2007-12-07,33,37
2007-12-08,33,30
2007-12-09,41,25
2007-12-10,41,33
2007-12-11,29,35
2007-12-12,45,41
2007-12-13,45,32
2007-12-14,29,34
2007-12-15,21,23
2007-12-16,21,22
2007-12-17,21,16
2007-12-18,20,20
2007-12-19,33,18
2007-12-20,29,27
2007-12-21,13,19
2007-12-22,12,11
2007-12-23,9,11
2007-12-24,8,9
2007-12-25,6,10
2007-12-26,11,7
2007-12-27,6,14
2007-12-28,5,9
2007-12-29,3,3
2007-12-30,2,2
2007-12-31,1,1
2008-01-01,17,16
2008-01-02,24,12
2008-01-03,19,10
2008-01-04,13,11
2008-01-05,10,10
2008-01-06,7,5
2008-01-07,15,9
2008-01-08,17,17
2008-01-09,24,17
2008-01-10,11,9
2008-01-11,15,2
2008-01-12,10,8
2008-01-13,6,4
2008-01-14,14,6
2008-01-15,13,13
2008-01-16,10,9
2008-01-17,10,9
2008-01-18,12,8
2008-01-19,10,7
2008-01-20,6,5
2008-01-21,13,6
2008-01-22,10,6
2008-01-23,11,4
2008-01-24,2,5
2008-01-25,5,1
2008-01-26,2,2
2008-01-27,1,1
2008-01-28,1,1
2008-01-29,1,3
2008-01-30,1,NA
2008-02-01,158,19
2008-02-02,16,9
2008-02-03,10,15
2008-02-04,21,10
2008-02-05,15,10
2008-02-06,23,12
2008-02-07,24,20
2008-02-08,22,14
2008-02-09,18,8
2008-02-10,10,11
2008-02-11,22,19
2008-02-12,25,20
2008-02-13,16,21
2008-02-14,24,15
2008-02-15,19,22
2008-02-16,19,6
2008-02-17,8,9
2008-02-18,16,13
2008-02-19,19,13
2008-02-20,8,10
2008-02-21,16,11
2008-02-22,7,10
2008-02-23,3,9
2008-02-24,5,7
2008-02-25,2,7
2008-02-26,5,5
2008-02-27,3,4
2008-02-28,1,1
2008-02-29,1,NA
2008-03-01,27,22
2008-03-02,13,11
2008-03-03,36,32
2008-03-04,23,24
2008-03-05,32,20
2008-03-06,24,26
2008-03-07,21,25
2008-03-08,20,19
2008-03-09,9,26
2008-03-10,26,37
2008-03-11,15,22
2008-03-12,22,25
2008-03-13,19,15
2008-03-14,18,23
2008-03-15,7,22
2008-03-16,16,16
2008-03-17,15,12
2008-03-18,16,19
2008-03-19,8,11
2008-03-20,8,14
2008-03-21,9,9
2008-03-22,8,17
2008-03-23,8,11
2008-03-24,10,17
2008-03-25,7,23
2008-03-26,6,12
2008-03-27,7,7
2008-03-28,7,4
2008-03-29,2,2
2008-03-30,1,1
2008-04-01,37,38
2008-04-02,26,22
2008-04-03,31,49
2008-04-04,20,29
2008-04-05,16,25
2008-04-06,14,23
2008-04-07,20,33
2008-04-08,18,37
2008-04-09,19,33
2008-04-10,24,32
2008-04-11,20,27
2008-04-12,8,21
2008-04-13,12,21
2008-04-14,13,20
2008-04-15,15,35
2008-04-16,10,23
2008-04-17,13,27
2008-04-18,14,22
2008-04-19,4,19
2008-04-20,6,13
2008-04-21,6,10
2008-04-22,7,11
2008-04-23,5,15
2008-04-24,6,20
2008-04-25,2,5
2008-04-26,3,9
2008-04-27,1,7
2008-04-28,1,1
2008-04-29,1,2
2008-04-30,1,1
2008-05-01,17,23
2008-05-02,11,22
2008-05-03,21,28
2008-05-04,24,28
2008-05-05,36,43
2008-05-06,29,39
2008-05-07,33,28
2008-05-08,35,38
2008-05-09,17,36
2008-05-10,19,17
2008-05-11,16,19
2008-05-12,17,31
2008-05-13,18,24
2008-05-14,21,27
2008-05-15,24,18
2008-05-16,14,22
2008-05-17,10,19
2008-05-18,8,18
2008-05-19,15,21
2008-05-20,9,19
2008-05-21,4,10
2008-05-22,8,10
2008-05-23,8,11
2008-05-24,5,4
2008-05-25,2,6
2008-05-26,2,7
2008-05-27,5,2
2008-05-28,1,3
2008-06-01,20,19
2008-06-02,36,30
2008-06-03,35,39
2008-06-04,42,27
2008-06-05,30,31
2008-06-06,25,28
2008-06-07,16,32
2008-06-08,17,25
2008-06-09,22,23
2008-06-10,25,33
2008-06-11,19,19
2008-06-12,19,21
2008-06-13,22,26
2008-06-14,16,14
2008-06-15,12,12
2008-06-16,19,12
2008-06-17,17,25
2008-06-18,11,19
2008-06-19,12,11
2008-06-20,6,8
2008-06-21,11,9
2008-06-22,4,7
2008-06-23,5,9
2008-06-24,3,9
2008-06-25,2,1
2008-06-26,2,NA
2008-06-27,NA,2
2008-06-28,1,NA
2008-07-01,38,43
2008-07-02,36,37
2008-07-03,50,38
2008-07-04,44,48
2008-07-05,33,20
2008-07-06,25,30
2008-07-07,41,41
2008-07-08,39,44
2008-07-09,30,30
2008-07-10,31,38
2008-07-11,22,40
2008-07-12,23,22
2008-07-13,24,17
2008-07-14,34,36
2008-07-15,31,26
2008-07-16,17,17
2008-07-17,17,18
2008-07-18,18,23
2008-07-19,11,17
2008-07-20,13,16
2008-07-21,16,17
2008-07-22,11,24
2008-07-23,8,14
2008-07-24,7,12
2008-07-25,1,8
2008-07-26,3,5
2008-07-27,2,3
2008-07-28,1,3
2008-07-29,NA,2
2008-07-30,NA,1
2008-08-01,32,49
2008-08-02,33,28
2008-08-03,25,31
2008-08-04,41,38
2008-08-05,32,45
2008-08-06,27,32
2008-08-07,31,34
2008-08-08,35,35
2008-08-09,24,24
2008-08-10,23,14
2008-08-11,32,33
2008-08-12,30,33
2008-08-13,27,25
2008-08-14,22,33
2008-08-15,16,22
2008-08-16,11,21
2008-08-17,13,18
2008-08-18,17,40
2008-08-19,13,37
2008-08-20,17,19
2008-08-21,13,19
2008-08-22,7,18
2008-08-23,5,5
2008-08-24,4,4
2008-08-25,4,8
2008-08-26,3,12
2008-08-27,NA,2
2008-08-28,NA,2
2008-08-29,2,NA
2008-08-30,1,NA
2008-09-01,44,43
2008-09-02,37,51
2008-09-03,50,41
2008-09-04,39,52
2008-09-05,37,44
2008-09-06,21,28
2008-09-07,28,28
2008-09-08,24,58
2008-09-09,25,39
2008-09-10,38,47
2008-09-11,29,44
2008-09-12,28,50
2008-09-13,25,30
2008-09-14,20,17
2008-09-15,25,21
2008-09-16,16,27
2008-09-17,12,20
2008-09-18,17,20
2008-09-19,12,19
2008-09-20,8,15
2008-09-21,12,14
2008-09-22,4,9
2008-09-23,11,22
2008-09-24,5,7
2008-09-25,4,9
2008-09-26,5,6
2008-09-27,3,5
2008-09-29,1,1
2008-09-30,NA,6
2008-10-01,44,59
2008-10-02,37,63
2008-10-03,35,57
2008-10-04,27,47
2008-10-05,25,21
2008-10-06,35,52
2008-10-07,27,50
2008-10-08,29,29
2008-10-09,31,30
2008-10-10,36,27
2008-10-11,22,23
2008-10-12,17,22
2008-10-13,29,35
2008-10-14,29,41
2008-10-15,31,24
2008-10-16,17,29
2008-10-17,24,31
2008-10-18,14,24
2008-10-19,9,12
2008-10-20,17,15
2008-10-21,8,27
2008-10-22,9,9
2008-10-23,10,13
2008-10-24,5,13
2008-10-25,1,11
2008-10-26,2,5
2008-10-27,3,8
2008-10-28,NA,5
2008-10-30,NA,7
2008-11-01,17,20
2008-11-02,18,24
2008-11-03,29,31
2008-11-04,37,44
2008-11-05,33,35
2008-11-06,28,40
2008-11-07,30,37
2008-11-08,11,40
2008-11-09,21,36
2008-11-10,29,33
2008-11-11,26,32
2008-11-12,31,25
2008-11-13,22,33
2008-11-14,19,27
2008-11-15,11,22
2008-11-16,15,15
2008-11-17,16,17
2008-11-18,15,17
2008-11-19,19,10
2008-11-20,14,7
2008-11-21,5,15
2008-11-22,8,10
2008-11-23,5,5
2008-11-24,6,12
2008-11-25,5,7
2008-11-26,3,3
2008-11-27,3,10
2008-11-29,NA,5
2008-11-30,1,2
2008-12-01,43,39
2008-12-02,39,49
2008-12-03,30,39
2008-12-04,36,46
2008-12-05,32,36
2008-12-06,18,26
2008-12-07,21,34
2008-12-08,29,35
2008-12-09,23,41
2008-12-10,30,25
2008-12-11,18,35
2008-12-12,17,25
2008-12-13,10,27
2008-12-14,17,16
2008-12-15,13,14
2008-12-16,21,29
2008-12-17,17,19
2008-12-18,16,22
2008-12-19,9,13
2008-12-20,5,16
2008-12-21,7,10
2008-12-22,7,9
2008-12-23,5,10
2008-12-24,3,9
2008-12-25,3,3
2008-12-26,5,8
2008-12-27,3,3
2008-12-28,1,2
2008-12-29,2,4
2008-12-30,1,1
2008-12-31,NA,1
2009-01-01,15,21
2009-01-02,21,26
2009-01-03,19,22
2009-01-04,23,22
2009-01-05,39,24
2009-01-06,31,22
2009-01-07,32,16
2009-01-08,20,21
2009-01-09,30,24
2009-01-10,24,22
2009-01-11,15,15
2009-01-12,32,24
2009-01-13,20,26
2009-01-14,17,20
2009-01-15,15,18
2009-01-16,20,21
2009-01-17,13,6
2009-01-18,14,9
2009-01-19,30,14
2009-01-20,11,20
2009-01-21,15,15
2009-01-22,14,19
2009-01-23,9,9
2009-01-24,8,9
2009-01-25,NA,3
2009-01-26,4,5
2009-01-27,3,5
2009-01-28,2,1
2009-01-29,1,7
2009-01-30,NA,1
2009-02-01,19,14
2009-02-02,34,29
2009-02-03,22,24
2009-02-04,21,28
2009-02-05,23,23
2009-02-06,26,25
2009-02-07,12,15
2009-02-08,27,21
2009-02-09,23,20
2009-02-10,12,26
2009-02-11,20,25
2009-02-12,20,20
2009-02-13,22,31
2009-02-14,13,16
2009-02-15,8,9
2009-02-16,21,22
2009-02-17,13,14
2009-02-18,12,22
2009-02-19,11,16
2009-02-20,4,12
2009-02-21,2,5
2009-02-22,5,12
2009-02-23,2,7
2009-02-24,2,4
2009-02-25,2,3
2009-02-26,NA,10
2009-02-27,2,2
2009-03-01,27,32
2009-03-02,36,43
2009-03-03,32,39
2009-03-04,34,58
2009-03-05,27,38
2009-03-06,29,49
2009-03-07,26,36
2009-03-08,19,41
2009-03-09,27,60
2009-03-10,32,38
2009-03-11,32,59
2009-03-12,28,56
2009-03-13,28,47
2009-03-14,16,42
2009-03-15,17,28
2009-03-16,23,38
2009-03-17,23,30
2009-03-18,15,37
2009-03-19,7,41
2009-03-20,8,32
2009-03-21,8,21
2009-03-22,4,17
2009-03-23,11,18
2009-03-24,11,19
2009-03-25,4,18
2009-03-26,1,18
2009-03-27,4,8
2009-03-28,2,7
2009-03-29,NA,5
2009-03-30,1,3
2009-04-01,32,62
2009-04-02,22,49
2009-04-03,30,46
2009-04-04,15,41
2009-04-05,18,33
2009-04-06,25,47
2009-04-07,20,47
2009-04-08,27,59
2009-04-09,26,40
2009-04-10,15,36
2009-04-11,14,32
2009-04-12,18,24
2009-04-13,19,45
2009-04-14,24,41
2009-04-15,21,44
2009-04-16,12,32
2009-04-17,11,27
2009-04-18,9,21
2009-04-19,13,20
2009-04-20,15,20
2009-04-21,12,24
2009-04-22,12,28
2009-04-23,7,19
2009-04-24,3,10
2009-04-25,1,7
2009-04-26,2,8
2009-04-27,1,4
2009-04-28,1,2
2009-04-29,1,1
2009-05-01,22,44
2009-05-02,22,41
2009-05-03,27,46
2009-05-04,36,45
2009-05-05,34,59
2009-05-06,27,53
2009-05-07,33,41
2009-05-08,36,27
2009-05-09,23,31
2009-05-10,24,26
2009-05-11,26,51
2009-05-12,21,56
2009-05-13,23,45
2009-05-14,27,40
2009-05-15,18,30
2009-05-16,18,18
2009-05-17,15,37
2009-05-18,21,27
2009-05-19,19,32
2009-05-20,12,27
2009-05-21,12,24
2009-05-22,18,22
2009-05-23,6,16
2009-05-24,14,9
2009-05-25,6,13
2009-05-26,6,12
2009-05-27,5,7
2009-05-28,3,6
2009-05-29,2,3
2009-05-30,NA,1
2009-06-01,36,51
2009-06-02,33,45
2009-06-03,30,35
2009-06-04,44,37
2009-06-05,30,36
2009-06-06,20,26
2009-06-07,24,32
2009-06-08,44,38
2009-06-09,40,40
2009-06-10,19,38
2009-06-11,28,18
2009-06-12,21,41
2009-06-13,14,32
2009-06-14,26,27
2009-06-15,24,29
2009-06-16,16,34
2009-06-17,29,30
2009-06-18,22,24
2009-06-19,21,17
2009-06-20,12,21
2009-06-21,13,17
2009-06-22,18,25
2009-06-23,16,23
2009-06-24,5,16
2009-06-25,3,11
2009-06-26,3,12
2009-06-27,NA,7
2009-06-28,1,3
2009-06-29,2,3
2009-06-30,NA,2
2009-07-01,48,43
2009-07-02,50,68
2009-07-03,48,55
2009-07-04,30,37
2009-07-05,25,52
2009-07-06,36,59
2009-07-07,49,51
2009-07-08,28,40
2009-07-09,21,46
2009-07-10,27,44
2009-07-11,19,28
2009-07-12,23,33
2009-07-13,36,42
2009-07-14,41,33
2009-07-15,39,41
2009-07-16,25,47
2009-07-17,23,36
2009-07-18,28,27
2009-07-19,15,15
2009-07-20,22,29
2009-07-21,17,43
2009-07-22,15,30
2009-07-23,14,30
2009-07-24,7,16
2009-07-25,10,12
2009-07-26,6,12
2009-07-27,4,14
2009-07-28,NA,9
2009-07-29,4,10
2009-07-30,1,11
2009-07-31,NA,1
2009-08-01,39,43
2009-08-02,34,49
2009-08-03,54,60
2009-08-04,43,68
2009-08-05,29,56
2009-08-06,38,60
2009-08-07,33,48
2009-08-08,24,42
2009-08-09,19,39
2009-08-10,41,63
2009-08-11,26,49
2009-08-12,25,44
2009-08-13,20,47
2009-08-14,34,43
2009-08-15,24,34
2009-08-16,18,32
2009-08-17,27,34
2009-08-18,37,41
2009-08-19,16,41
2009-08-20,14,26
2009-08-21,22,17
2009-08-22,5,18
2009-08-23,8,12
2009-08-24,9,16
2009-08-25,7,18
2009-08-26,7,13
2009-08-27,5,10
2009-08-28,4,4
2009-08-29,1,2
2009-08-30,2,1
2009-08-31,1,NA
2009-09-01,50,48
2009-09-02,42,66
2009-09-03,40,73
2009-09-04,44,51
2009-09-05,38,40
2009-09-06,22,41
2009-09-07,23,52
2009-09-08,24,53
2009-09-09,38,47
2009-09-10,35,63
2009-09-11,19,41
2009-09-12,24,22
2009-09-13,19,35
2009-09-14,20,28
2009-09-15,28,33
2009-09-16,27,25
2009-09-17,16,36
2009-09-18,17,18
2009-09-19,10,24
2009-09-20,11,19
2009-09-21,12,19
2009-09-22,11,23
2009-09-23,9,21
2009-09-24,12,22
2009-09-25,5,12
2009-09-26,2,17
2009-09-27,3,4
2009-09-28,3,4
2009-09-29,2,5
2009-10-01,40,54
2009-10-02,38,48
2009-10-03,19,33
2009-10-04,25,33
2009-10-05,48,58
2009-10-06,37,52
2009-10-07,39,38
2009-10-08,50,36
2009-10-09,31,32
2009-10-10,23,29
2009-10-11,15,24
2009-10-12,22,17
2009-10-13,41,38
2009-10-14,21,36
2009-10-15,31,42
2009-10-16,27,24
2009-10-17,21,24
2009-10-18,19,15
2009-10-19,20,30
2009-10-20,25,35
2009-10-21,15,36
2009-10-22,17,28
2009-10-23,18,22
2009-10-24,9,15
2009-10-25,9,12
2009-10-26,4,9
2009-10-27,4,13
2009-10-28,7,6
2009-10-29,1,5
2009-10-30,4,1
2009-11-01,25,45
2009-11-02,30,32
2009-11-03,44,53
2009-11-04,39,58
2009-11-05,39,53
2009-11-06,34,37
2009-11-07,18,31
2009-11-08,31,30
2009-11-09,38,48
2009-11-10,31,33
2009-11-11,23,32
2009-11-12,25,37
2009-11-13,22,35
2009-11-14,18,30
2009-11-15,12,25
2009-11-16,29,31
2009-11-17,19,39
2009-11-18,14,31
2009-11-19,8,34
2009-11-20,11,18
2009-11-21,11,13
2009-11-22,7,7
2009-11-23,11,18
2009-11-24,8,16
2009-11-25,5,13
2009-11-26,6,9
2009-11-27,6,4
2009-11-28,NA,2
2009-11-29,1,1
2009-11-30,NA,1
2009-12-01,38,49
2009-12-02,29,41
2009-12-03,24,40
2009-12-04,24,34
2009-12-05,18,17
2009-12-06,28,23
2009-12-07,43,35
2009-12-08,28,27
2009-12-09,26,34
2009-12-10,28,32
2009-12-11,26,24
2009-12-12,15,27
2009-12-13,21,19
2009-12-14,20,23
2009-12-15,11,32
2009-12-16,13,22
2009-12-17,20,25
2009-12-18,13,21
2009-12-19,9,27
2009-12-20,9,21
2009-12-21,11,15
2009-12-22,10,13
2009-12-23,9,15
2009-12-24,3,10
2009-12-25,7,8
2009-12-26,4,4
2009-12-27,1,9
2009-12-28,1,4
2009-12-29,1,1
2010-01-01,25,36
2010-01-02,19,20
2010-01-03,26,19
2010-01-04,35,47
2010-01-05,36,32
2010-01-06,36,30
2010-01-07,34,26
2010-01-08,24,27
2010-01-09,22,25
2010-01-10,21,17
2010-01-11,31,22
2010-01-12,26,30
2010-01-13,33,28
2010-01-14,24,17
2010-01-15,21,17
2010-01-16,11,18
2010-01-17,10,11
2010-01-18,16,15
2010-01-19,15,15
2010-01-20,11,17
2010-01-21,21,15
2010-01-22,11,10
2010-01-23,6,9
2010-01-24,6,5
2010-01-25,2,3
2010-01-26,3,3
2010-01-27,4,3
2010-01-28,2,5
2010-01-29,2,NA
2010-01-30,1,NA
2010-01-31,1,NA
2010-02-01,36,41
2010-02-02,47,32
2010-02-03,37,32
2010-02-04,27,30
2010-02-05,35,20
2010-02-06,28,18
2010-02-07,22,23
2010-02-08,37,31
2010-02-09,38,30
2010-02-10,28,27
2010-02-11,28,28
2010-02-12,28,32
2010-02-13,15,15
2010-02-14,13,14
2010-02-15,11,28
2010-02-16,11,22
2010-02-17,15,23
2010-02-18,20,19
2010-02-19,11,23
2010-02-20,14,10
2010-02-21,11,8
2010-02-22,18,20
2010-02-23,10,16
2010-02-24,8,4
2010-02-25,4,5
2010-02-26,NA,4
2010-02-27,1,1
2010-02-28,1,NA
2010-03-01,53,58
2010-03-02,39,66
2010-03-03,46,53
2010-03-04,45,54
2010-03-05,43,57
2010-03-06,21,54
2010-03-07,33,40
2010-03-08,45,69
2010-03-09,56,71
2010-03-10,32,73
2010-03-11,37,69
2010-03-12,29,67
2010-03-13,19,41
2010-03-14,23,41
2010-03-15,34,62
2010-03-16,30,48
2010-03-17,21,51
2010-03-18,26,38
2010-03-19,18,46
2010-03-20,16,26
2010-03-21,15,18
2010-03-22,13,35
2010-03-23,10,27
2010-03-24,12,18
2010-03-25,7,16
2010-03-26,10,10
2010-03-27,5,9
2010-03-28,2,3
2010-03-29,1,10
2010-03-30,1,NA
2010-03-31,1,NA
2010-04-01,26,61
2010-04-02,43,56
2010-04-03,28,44
2010-04-04,21,48
2010-04-05,42,59
2010-04-06,33,73
2010-04-07,34,52
2010-04-08,30,56
2010-04-09,28,55
2010-04-10,27,39
2010-04-11,23,33
2010-04-12,45,50
2010-04-13,32,66
2010-04-14,30,63
2010-04-15,31,45
2010-04-16,26,48
2010-04-17,20,52
2010-04-18,26,31
2010-04-19,27,51
2010-04-20,23,45
2010-04-21,17,30
2010-04-22,24,30
2010-04-23,12,25
2010-04-24,4,20
2010-04-25,6,14
2010-04-26,6,17
2010-04-27,6,12
2010-04-28,3,6
2010-04-29,2,1
2010-05-01,46,43
2010-05-02,26,37
2010-05-03,48,61
2010-05-04,45,49
2010-05-05,45,69
2010-05-06,45,59
2010-05-07,26,52
2010-05-08,28,45
2010-05-09,20,32
2010-05-10,40,54
2010-05-11,48,41
2010-05-12,23,46
2010-05-13,40,39
2010-05-14,27,39
2010-05-15,20,27
2010-05-16,23,30
2010-05-17,25,38
2010-05-18,22,40
2010-05-19,23,26
2010-05-20,23,25
2010-05-21,16,27
2010-05-22,8,20
2010-05-23,10,20
2010-05-24,7,22
2010-05-25,4,11
2010-05-26,5,8
2010-05-27,5,5
2010-05-28,4,4
2010-05-29,NA,4
2010-05-30,1,1
2010-06-01,52,65
2010-06-02,42,48
2010-06-03,38,41
2010-06-04,35,50
2010-06-05,25,41
2010-06-06,30,32
2010-06-07,39,41
2010-06-08,38,47
2010-06-09,50,42
2010-06-10,39,53
2010-06-11,39,50
2010-06-12,25,30
2010-06-13,29,25
2010-06-14,35,36
2010-06-15,24,30
2010-06-16,40,29
2010-06-17,36,43
2010-06-18,28,41
2010-06-19,16,22
2010-06-20,20,20
2010-06-21,28,21
2010-06-22,21,12
2010-06-23,15,24
2010-06-24,17,12
2010-06-25,11,13
2010-06-26,5,4
2010-06-27,6,5
2010-06-28,5,4
2010-06-29,1,2
2010-07-01,44,55
2010-07-02,35,52
2010-07-03,19,42
2010-07-04,33,43
2010-07-05,59,60
2010-07-06,30,38
2010-07-07,42,46
2010-07-08,27,48
2010-07-09,32,32
2010-07-10,24,34
2010-07-11,19,32
2010-07-12,37,42
2010-07-13,27,29
2010-07-14,24,22
2010-07-15,33,23
2010-07-16,22,17
2010-07-17,18,23
2010-07-18,19,17
2010-07-19,28,20
2010-07-20,21,25
2010-07-21,15,12
2010-07-22,11,13
2010-07-23,8,19
2010-07-24,8,12
2010-07-25,9,7
2010-07-26,6,9
2010-07-27,5,10
2010-07-28,5,5
2010-07-29,4,1
2010-07-30,2,NA
2010-08-01,28,25
2010-08-02,47,53
2010-08-03,39,45
2010-08-04,43,30
2010-08-05,53,36
2010-08-06,44,29
2010-08-07,36,33
2010-08-08,21,30
2010-08-09,39,54
2010-08-10,52,53
2010-08-11,46,44
2010-08-12,39,35
2010-08-13,39,45
2010-08-14,27,30
2010-08-15,30,29
2010-08-16,38,34
2010-08-17,34,30
2010-08-18,33,33
2010-08-19,23,36
2010-08-20,17,21
2010-08-21,16,18
2010-08-22,16,18
2010-08-23,19,25
2010-08-24,8,26
2010-08-25,9,11
2010-08-26,8,9
2010-08-27,2,11
2010-08-28,5,6
2010-08-29,NA,6
2010-08-30,NA,6
2010-08-31,1,NA
2010-09-01,44,44
2010-09-02,59,50
2010-09-03,39,50
2010-09-04,40,41
2010-09-05,35,45
2010-09-06,31,43
2010-09-07,35,32
2010-09-08,40,31
2010-09-09,47,43
2010-09-10,40,45
2010-09-11,31,33
2010-09-12,31,27
2010-09-13,44,40
2010-09-14,32,28
2010-09-15,29,41
2010-09-16,30,35
2010-09-17,29,24
2010-09-18,18,26
2010-09-19,17,24
2010-09-20,19,34
2010-09-21,16,22
2010-09-22,15,22
2010-09-23,20,15
2010-09-24,11,8
2010-09-25,4,10
2010-09-26,7,1
2010-09-27,4,7
2010-09-28,2,2
2010-09-29,2,2
2010-10-01,48,49
2010-10-02,36,36
2010-10-03,30,34
2010-10-04,47,55
2010-10-05,51,29
2010-10-06,41,56
2010-10-07,45,39
2010-10-08,44,45
2010-10-09,26,29
2010-10-10,33,29
2010-10-11,24,37
2010-10-12,22,38
2010-10-13,44,41
2010-10-14,32,42
2010-10-15,39,35
2010-10-16,25,31
2010-10-17,21,23
2010-10-18,25,43
2010-10-19,19,33
2010-10-20,14,30
2010-10-21,20,21
2010-10-22,12,18
2010-10-23,11,7
2010-10-24,7,8
2010-10-25,10,6
2010-10-26,9,13
2010-10-27,3,9
2010-10-28,1,8
2010-10-29,2,2
2010-10-30,NA,1
2010-10-31,1,NA
2010-11-01,40,66
2010-11-02,43,55
2010-11-03,41,62
2010-11-04,52,46
2010-11-05,45,42
2010-11-06,27,33
2010-11-07,28,32
2010-11-08,48,47
2010-11-09,33,57
2010-11-10,34,38
2010-11-11,41,37
2010-11-12,33,25
2010-11-13,19,33
2010-11-14,28,20
2010-11-15,24,32
2010-11-16,28,32
2010-11-17,18,27
2010-11-18,25,37
2010-11-19,17,29
2010-11-20,15,20
2010-11-21,16,19
2010-11-22,16,28
2010-11-23,4,24
2010-11-24,11,16
2010-11-25,7,5
2010-11-26,8,8
2010-11-27,2,6
2010-11-28,2,4
2010-11-29,4,4
2010-11-30,1,NA
2010-12-01,59,49
2010-12-02,53,56
2010-12-03,34,57
2010-12-04,39,31
2010-12-05,30,33
2010-12-06,48,50
2010-12-07,49,54
2010-12-08,55,53
2010-12-09,59,50
2010-12-10,43,34
2010-12-11,22,33
2010-12-12,32,43
2010-12-13,34,37
2010-12-14,34,43
2010-12-15,37,25
2010-12-16,28,28
2010-12-17,18,28
2010-12-18,23,29
2010-12-19,11,19
2010-12-20,24,25
2010-12-21,20,24
2010-12-22,11,16
2010-12-23,15,14
2010-12-24,9,14
2010-12-25,10,15
2010-12-26,13,10
2010-12-27,6,17
2010-12-28,8,8
2010-12-29,4,7
2010-12-30,3,2
2011-01-01,37,35
2011-01-02,22,44
2011-01-03,48,49
2011-01-04,48,45
2011-01-05,56,33
2011-01-06,46,45
2011-01-07,50,36
2011-01-08,30,21
2011-01-09,28,21
2011-01-10,44,34
2011-01-11,50,44
2011-01-12,34,43
2011-01-13,33,34
2011-01-14,31,30
2011-01-15,31,26
2011-01-16,15,26
2011-01-17,40,23
2011-01-18,29,17
2011-01-19,29,25
2011-01-20,21,32
2011-01-21,18,23
2011-01-22,9,16
2011-01-23,13,13
2011-01-24,7,15
2011-01-25,11,6
2011-01-26,8,9
2011-01-27,6,12
2011-01-28,4,7
2011-01-29,2,5
2011-01-30,1,1
2011-01-31,1,1
2011-02-01,52,46
2011-02-02,52,30
2011-02-03,52,37
2011-02-04,57,45
2011-02-05,30,32
2011-02-06,26,40
2011-02-07,51,45
2011-02-08,41,41
2011-02-09,53,38
2011-02-10,50,41
2011-02-11,38,41
2011-02-12,25,36
2011-02-13,25,34
2011-02-14,26,42
2011-02-15,28,28
2011-02-16,29,37
2011-02-17,34,39
2011-02-18,26,30
2011-02-19,17,27
2011-02-20,13,24
2011-02-21,20,39
2011-02-22,17,36
2011-02-23,9,12
2011-02-24,9,17
2011-02-25,6,8
2011-02-26,3,7
2011-02-27,NA,2
2011-02-28,NA,1
2011-03-01,48,63
2011-03-02,53,100
2011-03-03,54,67
2011-03-04,48,70
2011-03-05,30,56
2011-03-06,32,53
2011-03-07,37,61
2011-03-08,44,70
2011-03-09,45,79
2011-03-10,43,62
2011-03-11,41,80
2011-03-12,28,68
2011-03-13,29,40
2011-03-14,35,67
2011-03-15,23,75
2011-03-16,41,48
2011-03-17,56,53
2011-03-18,33,44
2011-03-19,18,48
2011-03-20,25,22
2011-03-21,24,37
2011-03-22,18,55
2011-03-23,15,38
2011-03-24,20,40
2011-03-25,20,34
2011-03-26,14,18
2011-03-27,9,11
2011-03-28,7,12
2011-03-29,4,7
2011-03-30,2,3
2011-04-01,51,87
2011-04-02,35,56
2011-04-03,27,67
2011-04-04,50,96
2011-04-05,51,81
2011-04-06,57,92
2011-04-07,45,79
2011-04-08,36,83
2011-04-09,31,70
2011-04-10,34,55
2011-04-11,55,90
2011-04-12,30,78
2011-04-13,30,68
2011-04-14,21,56
2011-04-15,26,49
2011-04-16,15,44
2011-04-17,15,50
2011-04-18,29,54
2011-04-19,30,42
2011-04-20,24,45
2011-04-21,12,25
2011-04-22,7,29
2011-04-23,13,23
2011-04-24,5,16
2011-04-25,4,24
2011-04-26,7,12
2011-04-27,6,5
2011-04-28,3,2
2011-04-29,1,2
2011-04-30,1,NA
2011-05-01,41,53
2011-05-02,61,70
2011-05-03,47,72
2011-05-04,47,59
2011-05-05,53,59
2011-05-06,46,41
2011-05-07,33,48
2011-05-08,23,35
2011-05-09,39,64
2011-05-10,36,76
2011-05-11,52,61
2011-05-12,36,59
2011-05-13,34,46
2011-05-14,25,42
2011-05-15,24,26
2011-05-16,30,34
2011-05-17,39,33
2011-05-18,20,50
2011-05-19,21,41
2011-05-20,35,30
2011-05-21,24,22
2011-05-22,12,22
2011-05-23,16,34
2011-05-24,14,28
2011-05-25,16,21
2011-05-26,9,13
2011-05-27,4,13
2011-05-28,NA,5
2011-05-29,2,4
2011-05-30,4,4
2011-05-31,1,NA
2011-06-01,50,46
2011-06-02,59,41
2011-06-03,38,63
2011-06-04,38,36
2011-06-05,25,32
2011-06-06,49,75
2011-06-07,47,63
2011-06-08,45,49
2011-06-09,36,46
2011-06-10,42,31
2011-06-11,36,27
2011-06-12,27,40
2011-06-13,38,49
2011-06-14,32,34
2011-06-15,44,36
2011-06-16,40,34
2011-06-17,32,28
2011-06-18,25,18
2011-06-19,14,31
2011-06-20,22,34
2011-06-21,17,26
2011-06-22,14,28
2011-06-23,16,24
2011-06-24,14,15
2011-06-25,9,12
2011-06-26,8,7
2011-06-27,3,10
2011-06-28,7,9
2011-06-29,2,2
2011-06-30,NA,1
2011-07-01,66,62
2011-07-02,56,43
2011-07-03,42,51
2011-07-04,42,41
2011-07-05,47,62
2011-07-06,49,55
2011-07-07,46,57
2011-07-08,44,49
2011-07-09,49,39
2011-07-10,35,37
2011-07-11,56,51
2011-07-12,60,61
2011-07-13,45,54
2011-07-14,52,61
2011-07-15,55,46
2011-07-16,33,38
2011-07-17,22,27
2011-07-18,39,47
2011-07-19,40,52
2011-07-20,34,39
2011-07-21,28,47
2011-07-22,31,38
2011-07-23,12,24
2011-07-24,17,21
2011-07-25,14,24
2011-07-26,21,37
2011-07-27,9,9
2011-07-28,9,20
2011-07-29,6,6
2011-07-30,3,2
2011-08-01,77,60
2011-08-02,55,53
2011-08-03,70,40
2011-08-04,59,40
2011-08-05,45,36
2011-08-06,56,34
2011-08-07,38,23
2011-08-08,48,62
2011-08-09,51,62
2011-08-10,42,48
2011-08-11,44,40
2011-08-12,46,45
2011-08-13,25,37
2011-08-14,24,41
2011-08-15,36,40
2011-08-16,39,44
2011-08-17,47,49
2011-08-18,30,32
2011-08-19,34,33
2011-08-20,17,36
2011-08-21,12,20
2011-08-22,16,31
2011-08-23,20,17
2011-08-24,20,29
2011-08-25,5,20
2011-08-26,9,11
2011-08-27,10,7
2011-08-28,7,6
2011-08-29,1,7
2011-08-30,1,2
2011-08-31,1,NA
2011-09-01,124,51
2011-09-02,49,58
2011-09-03,51,35
2011-09-04,40,31
2011-09-05,50,64
2011-09-06,60,53
2011-09-07,42,58
2011-09-08,54,54
2011-09-09,38,54
2011-09-10,35,39
2011-09-11,28,30
2011-09-12,48,40
2011-09-13,47,55
2011-09-14,33,36
2011-09-15,29,41
2011-09-16,38,32
2011-09-17,28,26
2011-09-18,15,23
2011-09-19,39,37
2011-09-20,33,28
2011-09-21,24,30
2011-09-22,11,28
2011-09-23,12,22
2011-09-24,8,15
2011-09-25,14,6
2011-09-26,9,14
2011-09-27,5,7
2011-09-28,4,10
2011-09-29,1,6
2011-09-30,1,NA
2011-10-01,53,57
2011-10-02,36,39
2011-10-03,61,62
2011-10-04,52,56
2011-10-05,64,50
2011-10-06,56,51
2011-10-07,44,54
2011-10-08,29,39
2011-10-09,46,35
2011-10-10,44,53
2011-10-11,42,58
2011-10-12,26,34
2011-10-13,34,47
2011-10-14,34,33
2011-10-15,19,22
2011-10-16,17,16
2011-10-17,25,26
2011-10-18,30,30
2011-10-19,28,20
2011-10-20,20,23
2011-10-21,19,17
2011-10-22,10,21
2011-10-23,18,15
2011-10-24,18,18
2011-10-25,4,23
2011-10-26,8,10
2011-10-27,5,12
2011-10-28,5,13
2011-10-29,3,5
2011-10-30,2,1
2011-11-01,55,57
2011-11-02,43,44
2011-11-03,53,68
2011-11-04,58,51
2011-11-05,44,41
2011-11-06,44,28
2011-11-07,48,60
2011-11-08,53,50
2011-11-09,39,56
2011-11-10,45,53
2011-11-11,33,52
2011-11-12,16,31
2011-11-13,17,43
2011-11-14,21,29
2011-11-15,19,27
2011-11-16,36,30
2011-11-17,29,28
2011-11-18,25,24
2011-11-19,20,23
2011-11-20,16,25
2011-11-21,22,27
2011-11-22,20,33
2011-11-23,18,15
2011-11-24,18,22
2011-11-25,11,15
2011-11-26,4,9
2011-11-27,4,4
2011-11-28,7,7
2011-11-29,4,1
2011-12-01,59,65
2011-12-02,55,41
2011-12-03,36,40
2011-12-04,36,37
2011-12-05,61,41
2011-12-06,54,54
2011-12-07,42,49
2011-12-08,49,41
2011-12-09,34,36
2011-12-10,30,35
2011-12-11,33,29
2011-12-12,39,54
2011-12-13,42,41
2011-12-14,42,53
2011-12-15,29,38
2011-12-16,33,41
2011-12-17,29,16
2011-12-18,20,25
2011-12-19,21,33
2011-12-20,21,15
2011-12-21,14,26
2011-12-22,18,28
2011-12-23,12,11
2011-12-24,6,8
2011-12-25,11,4
2011-12-26,11,6
2011-12-27,11,5
2011-12-28,3,5
2011-12-29,1,2
2011-12-30,1,3
2011-12-31,1,NA
2012-01-01,33,15
2012-01-02,37,38
2012-01-03,52,40
2012-01-04,38,31
2012-01-05,44,19
2012-01-06,48,28
2012-01-07,35,17
2012-01-08,31,15
2012-01-09,34,34
2012-01-10,41,22
2012-01-11,28,31
2012-01-12,36,20
2012-01-13,40,24
2012-01-14,23,12
2012-01-15,27,14
2012-01-16,31,28
2012-01-17,33,11
2012-01-18,24,17
2012-01-19,15,21
2012-01-20,31,11
2012-01-21,12,5
2012-01-22,6,4
2012-01-23,17,10
2012-01-24,10,5
2012-01-25,5,4
2012-01-26,6,4
2012-01-27,6,2
2012-01-28,1,2
2012-01-29,3,2
2012-01-30,1,3
2012-01-31,NA,1
2012-02-01,44,26
2012-02-02,43,36
2012-02-03,44,30
2012-02-04,45,22
2012-02-05,20,28
2012-02-06,37,32
2012-02-07,42,35
2012-02-08,52,37
2012-02-09,43,33
2012-02-10,35,25
2012-02-11,17,25
2012-02-12,31,25
2012-02-13,36,45
2012-02-14,33,41
2012-02-15,27,28
2012-02-16,21,38
2012-02-17,13,35
2012-02-18,18,23
2012-02-19,15,17
2012-02-20,15,25
2012-02-21,8,27
2012-02-22,12,28
2012-02-23,14,23
2012-02-24,5,12
2012-02-25,5,14
2012-02-26,7,3
2012-02-27,2,7
2012-02-28,1,2
2012-02-29,1,NA
2012-03-01,49,61
2012-03-02,40,54
2012-03-03,32,29
2012-03-04,38,33
2012-03-05,52,63
2012-03-06,45,44
2012-03-07,44,42
2012-03-08,42,57
2012-03-09,36,53
2012-03-10,28,36
2012-03-11,23,30
2012-03-12,41,57
2012-03-13,44,48
2012-03-14,32,46
2012-03-15,32,51
2012-03-16,35,48
2012-03-17,15,27
2012-03-18,13,23
2012-03-19,19,38
2012-03-20,29,49
2012-03-21,20,42
2012-03-22,15,30
2012-03-23,13,36
2012-03-24,17,18
2012-03-25,8,13
2012-03-26,11,21
2012-03-27,5,18
2012-03-28,1,8
2012-03-29,1,3
2012-03-30,1,8
2012-04-01,37,51
2012-04-02,55,78
2012-04-03,46,86
2012-04-04,54,92
2012-04-05,38,76
2012-04-06,32,57
2012-04-07,30,45
2012-04-08,29,44
2012-04-09,51,76
2012-04-10,42,76
2012-04-11,38,80
2012-04-12,39,72
2012-04-13,26,43
2012-04-14,21,31
2012-04-15,16,32
2012-04-16,23,41
2012-04-17,34,42
2012-04-18,17,26
2012-04-19,24,21
2012-04-20,17,32
2012-04-21,9,25
2012-04-22,16,14
2012-04-23,11,25
2012-04-24,15,15
2012-04-25,8,12
2012-04-26,9,9
2012-04-27,3,5
2012-04-28,1,1
2012-04-29,2,NA
2012-05-01,51,60
2012-05-02,54,64
2012-05-03,58,74
2012-05-04,53,66
2012-05-05,30,37
2012-05-06,34,44
2012-05-07,62,69
2012-05-08,56,59
2012-05-09,52,43
2012-05-10,46,57
2012-05-11,37,75
2012-05-12,40,33
2012-05-13,25,33
2012-05-14,44,52
2012-05-15,46,43
2012-05-16,28,39
2012-05-17,33,54
2012-05-18,28,41
2012-05-19,22,31
2012-05-20,16,24
2012-05-21,26,36
2012-05-22,19,27
2012-05-23,17,18
2012-05-24,16,30
2012-05-25,5,16
2012-05-26,6,7
2012-05-27,5,9
2012-05-28,7,16
2012-05-29,2,5
2012-05-30,1,3
2012-05-31,2,NA
2012-06-01,49,57
2012-06-02,35,46
2012-06-03,33,33
2012-06-04,63,62
2012-06-05,56,55
2012-06-06,42,42
2012-06-07,26,38
2012-06-08,26,34
2012-06-09,22,38
2012-06-10,31,39
2012-06-11,54,38
2012-06-12,38,46
2012-06-13,45,52
2012-06-14,41,47
2012-06-15,40,47
2012-06-16,27,45
2012-06-17,25,23
2012-06-18,44,41
2012-06-19,24,38
2012-06-20,18,29
2012-06-21,15,24
2012-06-22,18,18
2012-06-23,18,12
2012-06-24,12,12
2012-06-25,16,15
2012-06-26,13,13
2012-06-27,4,9
2012-06-28,3,7
2012-06-29,3,2
2012-07-01,37,52
2012-07-02,63,72
2012-07-03,61,67
2012-07-04,37,56
2012-07-05,50,63
2012-07-06,60,59
2012-07-07,27,38
2012-07-08,26,26
2012-07-09,48,54
2012-07-10,59,51
2012-07-11,47,53
2012-07-12,59,56
2012-07-13,30,45
2012-07-14,37,44
2012-07-15,24,34
2012-07-16,42,35
2012-07-17,27,38
2012-07-18,37,38
2012-07-19,24,37
2012-07-20,28,26
2012-07-21,17,21
2012-07-22,20,13
2012-07-23,27,25
2012-07-24,11,26
2012-07-25,13,16
2012-07-26,16,12
2012-07-27,6,6
2012-07-28,6,4
2012-07-29,6,NA
2012-07-30,1,3
2012-08-01,62,46
2012-08-02,76,55
2012-08-03,50,44
2012-08-04,35,40
2012-08-05,42,29
2012-08-06,58,50
2012-08-07,52,55
2012-08-08,58,41
2012-08-09,52,49
2012-08-10,51,48
2012-08-11,30,38
2012-08-12,30,33
2012-08-13,42,44
2012-08-14,45,47
2012-08-15,30,43
2012-08-16,28,47
2012-08-17,24,29
2012-08-18,24,27
2012-08-19,25,23
2012-08-20,23,33
2012-08-21,28,45
2012-08-22,21,25
2012-08-23,20,25
2012-08-24,15,17
2012-08-25,10,12
2012-08-26,17,11
2012-08-27,6,14
2012-08-28,9,7
2012-08-29,3,6
2012-08-30,1,2
2012-08-31,1,NA
2012-09-01,43,40
2012-09-02,38,40
2012-09-03,58,54
2012-09-04,51,56
2012-09-05,54,46
2012-09-06,45,48
2012-09-07,35,26
2012-09-08,35,28
2012-09-09,37,37
2012-09-10,49,49
2012-09-11,48,46
2012-09-12,43,49
2012-09-13,45,58
2012-09-14,46,33
2012-09-15,22,27
2012-09-16,28,26
2012-09-17,38,42
2012-09-18,34,41
2012-09-19,33,23
2012-09-20,27,26
2012-09-21,16,18
2012-09-22,14,15
2012-09-23,9,15
2012-09-24,18,15
2012-09-25,12,18
2012-09-26,5,8
2012-09-27,7,5
2012-09-28,1,6
2012-09-29,1,3
2012-10-01,208,53
2012-10-02,58,35
2012-10-03,76,50
2012-10-04,46,49
2012-10-05,39,43
2012-10-06,30,25
2012-10-07,36,28
2012-10-08,52,43
2012-10-09,50,39
2012-10-10,45,47
2012-10-11,48,37
2012-10-12,35,24
2012-10-13,22,21
2012-10-14,24,23
2012-10-15,41,31
2012-10-16,33,32
2012-10-17,32,37
2012-10-18,23,33
2012-10-19,29,25
2012-10-20,15,12
2012-10-21,8,13
2012-10-22,27,23
2012-10-23,15,16
2012-10-24,17,16
2012-10-25,16,15
2012-10-26,13,10
2012-10-27,4,6
2012-10-28,8,3
2012-10-29,3,3
2012-10-30,2,3
2012-10-31,NA,1
2012-11-01,49,53
2012-11-02,32,35
2012-11-03,31,30
2012-11-04,37,25
2012-11-05,68,49
2012-11-06,63,52
2012-11-07,45,45
2012-11-08,45,49
2012-11-09,39,26
2012-11-10,39,28
2012-11-11,30,28
2012-11-12,38,37
2012-11-13,50,44
2012-11-14,37,31
2012-11-15,22,33
2012-11-16,24,31
2012-11-17,20,20
2012-11-18,19,27
2012-11-19,27,37
2012-11-20,27,14
2012-11-21,33,24
2012-11-22,31,31
2012-11-23,14,15
2012-11-24,6,17
2012-11-25,14,22
2012-11-26,9,10
2012-11-27,11,9
2012-11-28,3,6
2012-11-29,NA,3
2012-11-30,1,NA
2012-12-01,37,28
2012-12-02,39,26
2012-12-03,50,35
2012-12-04,63,63
2012-12-05,55,37
2012-12-06,48,56
2012-12-07,43,39
2012-12-08,28,26
2012-12-09,21,24
2012-12-10,65,26
2012-12-11,58,51
2012-12-12,55,27
2012-12-13,40,40
2012-12-14,20,25
2012-12-15,16,24
2012-12-16,23,14
2012-12-17,35,25
2012-12-18,20,26
2012-12-19,23,11
2012-12-20,18,17
2012-12-21,17,12
2012-12-22,11,9
2012-12-23,5,10
2012-12-24,3,11
2012-12-25,9,11
2012-12-26,8,17
2012-12-27,7,5
2012-12-28,6,3
2012-12-29,1,NA
2012-12-30,3,1
2012-12-31,3,NA
2013-01-01,46,22
2013-01-02,57,42
2013-01-03,61,34
2013-01-04,55,40
2013-01-05,32,38
2013-01-06,32,28
2013-01-07,60,38
2013-01-08,60,54
2013-01-09,59,33
2013-01-10,40,34
2013-01-11,46,32
2013-01-12,29,18
2013-01-13,30,17
2013-01-14,52,22
2013-01-15,38,35
2013-01-16,49,17
2013-01-17,44,29
2013-01-18,23,19
2013-01-19,25,18
2013-01-20,22,11
2013-01-21,30,14
2013-01-22,29,23
2013-01-23,16,17
2013-01-24,14,15
2013-01-25,9,11
2013-01-26,9,4
2013-01-27,3,5
2013-01-28,12,11
2013-01-29,7,4
2013-01-30,2,6
2013-01-31,NA,1
2013-02-01,51,41
2013-02-02,40,38
2013-02-03,36,28
2013-02-04,68,38
2013-02-05,63,39
2013-02-06,45,36
2013-02-07,42,35
2013-02-08,37,29
2013-02-09,28,26
2013-02-10,22,26
2013-02-11,23,31
2013-02-12,31,40
2013-02-13,62,45
2013-02-14,29,48
2013-02-15,37,38
2013-02-16,33,34
2013-02-17,22,21
2013-02-18,37,34
2013-02-19,37,39
2013-02-20,32,32
2013-02-21,24,28
2013-02-22,16,14
2013-02-23,14,40
2013-02-24,7,10
2013-02-25,6,15
2013-02-26,7,9
2013-02-27,4,2
2013-02-28,1,NA
2013-03-01,56,43
2013-03-02,29,33
2013-03-03,42,41
2013-03-04,70,53
2013-03-05,70,66
2013-03-06,50,57
2013-03-07,49,57
2013-03-08,45,67
2013-03-09,27,30
2013-03-10,34,36
2013-03-11,59,51
2013-03-12,56,59
2013-03-13,56,56
2013-03-14,41,46
2013-03-15,23,42
2013-03-16,22,36
2013-03-17,17,30
2013-03-18,31,49
2013-03-19,26,51
2013-03-20,18,47
2013-03-21,19,37
2013-03-22,17,33
2013-03-23,6,36
2013-03-24,11,21
2013-03-25,24,24
2013-03-26,7,18
2013-03-27,8,3
2013-03-28,NA,6
2013-03-29,NA,1
2013-04-01,55,90
2013-04-02,61,92
2013-04-03,58,90
2013-04-04,59,99
2013-04-05,49,79
2013-04-06,25,76
2013-04-07,23,54
2013-04-08,55,85
2013-04-09,56,94
2013-04-10,52,66
2013-04-11,46,73
2013-04-12,28,88
2013-04-13,28,60
2013-04-14,18,53
2013-04-15,42,67
2013-04-16,37,72
2013-04-17,20,57
2013-04-18,33,56
2013-04-19,19,41
2013-04-20,14,39
2013-04-21,13,16
2013-04-22,15,33
2013-04-23,17,16
2013-04-24,11,25
2013-04-25,7,17
2013-04-26,4,11
2013-04-27,2,3
2013-04-28,NA,6
2013-04-29,2,6
2013-04-30,NA,1
2013-05-01,31,79
2013-05-02,72,84
2013-05-03,41,71
2013-05-04,38,60
2013-05-05,45,49
2013-05-06,57,73
2013-05-07,65,68
2013-05-08,53,55
2013-05-09,33,68
2013-05-10,45,67
2013-05-11,21,41
2013-05-12,32,37
2013-05-13,50,56
2013-05-14,43,69
2013-05-15,43,58
2013-05-16,48,56
2013-05-17,29,41
2013-05-18,19,26
2013-05-19,17,18
2013-05-20,37,38
2013-05-21,33,38
2013-05-22,25,30
2013-05-23,18,30
2013-05-24,14,16
2013-05-25,6,12
2013-05-26,4,10
2013-05-27,6,13
2013-05-28,3,2
2013-05-29,3,2
2013-05-30,NA,2
2013-06-01,37,55
2013-06-02,30,38
2013-06-03,61,66
2013-06-04,73,55
2013-06-05,64,59
2013-06-06,62,54
2013-06-07,48,71
2013-06-08,37,56
2013-06-09,49,41
2013-06-10,51,61
2013-06-11,58,60
2013-06-12,47,65
2013-06-13,35,54
2013-06-14,37,46
2013-06-15,11,38
2013-06-16,27,31
2013-06-17,36,36
2013-06-18,35,46
2013-06-19,21,28
2013-06-20,24,28
2013-06-21,20,18
2013-06-22,7,14
2013-06-23,9,9
2013-06-24,9,16
2013-06-25,8,4
2013-06-26,8,8
2013-06-27,NA,3
2013-06-28,NA,1
2013-06-29,NA,2
2013-06-30,1,1
2013-07-01,85,59
2013-07-02,46,57
2013-07-03,58,66
2013-07-04,55,56
2013-07-05,49,49
2013-07-06,50,42
2013-07-07,23,33
2013-07-08,43,61
2013-07-09,25,33
2013-07-10,53,49
2013-07-11,44,49
2013-07-12,58,44
2013-07-13,39,37
2013-07-14,30,37
2013-07-15,52,40
2013-07-16,36,46
2013-07-17,41,43
2013-07-18,43,44
2013-07-19,24,35
2013-07-20,17,21
2013-07-21,23,22
2013-07-22,25,20
2013-07-23,13,27
2013-07-24,20,15
2013-07-25,13,15
2013-07-26,8,16
2013-07-27,6,4
2013-07-28,8,3
2013-07-29,6,4
2013-07-30,2,5
2013-07-31,NA,1
2013-08-01,79,54
2013-08-02,55,46
2013-08-03,45,53
2013-08-04,47,41
2013-08-05,95,76
2013-08-06,56,61
2013-08-07,62,46
2013-08-08,83,74
2013-08-09,38,65
2013-08-10,30,50
2013-08-11,27,48
2013-08-12,56,58
2013-08-13,46,69
2013-08-14,48,39
2013-08-15,37,49
2013-08-16,35,37
2013-08-17,21,26
2013-08-18,33,36
2013-08-19,44,35
2013-08-20,36,35
2013-08-21,29,31
2013-08-22,27,41
2013-08-23,17,30
2013-08-24,7,13
2013-08-25,8,17
2013-08-26,11,20
2013-08-27,8,11
2013-08-28,4,11
2013-08-29,1,9
2013-08-30,3,3
2013-09-01,43,50
2013-09-02,67,60
2013-09-03,68,73
2013-09-04,70,57
2013-09-05,69,54
2013-09-06,43,60
2013-09-07,33,35
2013-09-08,29,40
2013-09-09,73,50
2013-09-10,52,60
2013-09-11,48,58
2013-09-12,40,54
2013-09-13,45,39
2013-09-14,27,28
2013-09-15,27,30
2013-09-16,50,40
2013-09-17,36,47
2013-09-18,33,36
2013-09-19,40,28
2013-09-20,19,27
2013-09-21,16,16
2013-09-22,22,19
2013-09-23,16,19
2013-09-24,17,19
2013-09-25,8,12
2013-09-26,8,14
2013-09-27,4,7
2013-09-28,2,1
2013-09-29,1,1
2013-09-30,2,NA
2013-10-01,71,73
2013-10-02,81,58
2013-10-03,76,52
2013-10-04,68,51
2013-10-05,29,35
2013-10-06,38,30
2013-10-07,71,55
2013-10-08,64,54
2013-10-09,62,52
2013-10-10,59,46
2013-10-11,41,51
2013-10-12,25,42
2013-10-13,32,40
2013-10-14,57,37
2013-10-15,52,46
2013-10-16,45,48
2013-10-17,34,55
2013-10-18,30,47
2013-10-19,33,26
2013-10-20,29,20
2013-10-21,39,37
2013-10-22,33,32
2013-10-23,21,20
2013-10-24,26,31
2013-10-25,14,24
2013-10-26,7,13
2013-10-27,7,6
2013-10-28,7,8
2013-10-29,11,10
2013-10-30,2,3
2013-10-31,1,NA
2013-11-01,64,59
2013-11-02,36,37
2013-11-03,35,30
2013-11-04,57,49
2013-11-05,59,57
2013-11-06,48,56
2013-11-07,58,62
2013-11-08,45,44
2013-11-09,30,40
2013-11-10,45,43
2013-11-11,58,60
2013-11-12,52,61
2013-11-13,52,47
2013-11-14,55,53
2013-11-15,26,41
2013-11-16,29,22
2013-11-17,31,27
2013-11-18,49,43
2013-11-19,33,36
2013-11-20,25,28
2013-11-21,29,39
2013-11-22,13,25
2013-11-23,17,21
2013-11-24,10,8
2013-11-25,22,11
2013-11-26,10,14
2013-11-27,4,10
2013-11-28,2,7
2013-11-29,4,4
2013-11-30,1,NA
2013-12-01,40,25
2013-12-02,49,40
2013-12-03,50,61
2013-12-04,65,31
2013-12-05,44,49
2013-12-06,49,40
2013-12-07,27,30
2013-12-08,24,31
2013-12-09,53,38
2013-12-10,49,32
2013-12-11,48,26
2013-12-12,39,39
2013-12-13,38,31
2013-12-14,26,22
2013-12-15,24,18
2013-12-16,34,39
2013-12-17,27,28
2013-12-18,20,23
2013-12-19,24,18
2013-12-20,11,17
2013-12-21,6,14
2013-12-22,6,18
2013-12-23,4,9
2013-12-24,NA,7
2013-12-25,11,11
2013-12-26,4,11
2013-12-27,2,5
2013-12-28,3,5
2013-12-29,1,NA
2013-12-30,3,1
